system:index,mean,name,.geo
0,220.0,任城,"{""type"":""Point"",""coordinates"":[114.08,36.03]}"
1,86.0,新乡,"{""type"":""Point"",""coordinates"":[113.53,35.19]}"
2,1218.0,三门峡,"{""type"":""Point"",""coordinates"":[111.12,34.48]}"
3,592.0,卢氏,"{""type"":""Point"",""coordinates"":[111.02,34.03000000000001]}"
4,450.0,孟津,"{""type"":""Point"",""coordinates"":[112.26,34.489999999999995]}"
5,809.0,栾川,"{""type"":""Point"",""coordinates"":[111.36000000000001,33.46999999999999]}"
6,227.0,郑州,"{""type"":""Point"",""coordinates"":[113.39000000000001,34.43]}"
7,107.0,许昌,"{""type"":""Point"",""coordinates"":[113.52,34.019999999999996]}"
8,70.0,开封,"{""type"":""Point"",""coordinates"":[114.18,34.47]}"
9,512.0,西峡,"{""type"":""Point"",""coordinates"":[111.30000000000001,33.18]}"
10,232.0,南阳,"{""type"":""Point"",""coordinates"":[112.35,33.02]}"
11,269.0,宝丰,"{""type"":""Point"",""coordinates"":[113.03,33.53]}"
12,50.0,西华,"{""type"":""Point"",""coordinates"":[114.31,33.47]}"
13,88.0,驻马店,"{""type"":""Point"",""coordinates"":[114.01,32.99999999999999]}"
14,104.0,信阳,"{""type"":""Point"",""coordinates"":[114.03000000000002,32.080000000000005]}"
15,51.0,商丘,"{""type"":""Point"",""coordinates"":[115.39999999999999,34.27]}"
16,60.0,固始,"{""type"":""Point"",""coordinates"":[115.37,32.1]}"
