system:index,LC_Type1,name,.geo
2001_01_01_0_0,12,安阳,"{""type"":""MultiPoint"",""coordinates"":[]}"
2001_01_01_1_0,12,新乡,"{""type"":""MultiPoint"",""coordinates"":[]}"
2001_01_01_2_0,5,三门峡,"{""type"":""MultiPoint"",""coordinates"":[]}"
2001_01_01_3_0,12,卢氏,"{""type"":""MultiPoint"",""coordinates"":[]}"
2001_01_01_4_0,12,孟津,"{""type"":""MultiPoint"",""coordinates"":[]}"
2001_01_01_5_0,4,栾川,"{""type"":""MultiPoint"",""coordinates"":[]}"
2001_01_01_6_0,12,郑州,"{""type"":""MultiPoint"",""coordinates"":[]}"
2001_01_01_7_0,12,许昌,"{""type"":""MultiPoint"",""coordinates"":[]}"
2001_01_01_8_0,12,开封,"{""type"":""MultiPoint"",""coordinates"":[]}"
2001_01_01_9_0,8,西峡,"{""type"":""MultiPoint"",""coordinates"":[]}"
2001_01_01_10_0,12,南阳,"{""type"":""MultiPoint"",""coordinates"":[]}"
2001_01_01_11_0,12,宝丰,"{""type"":""MultiPoint"",""coordinates"":[]}"
2001_01_01_12_0,12,西华,"{""type"":""MultiPoint"",""coordinates"":[]}"
2001_01_01_13_0,13,驻马店,"{""type"":""MultiPoint"",""coordinates"":[]}"
2001_01_01_14_0,9,信阳,"{""type"":""MultiPoint"",""coordinates"":[]}"
2001_01_01_15_0,12,商丘,"{""type"":""MultiPoint"",""coordinates"":[]}"
2001_01_01_16_0,12,固始,"{""type"":""MultiPoint"",""coordinates"":[]}"
2002_01_01_0_0,12,安阳,"{""type"":""MultiPoint"",""coordinates"":[]}"
2002_01_01_1_0,12,新乡,"{""type"":""MultiPoint"",""coordinates"":[]}"
2002_01_01_2_0,5,三门峡,"{""type"":""MultiPoint"",""coordinates"":[]}"
2002_01_01_3_0,12,卢氏,"{""type"":""MultiPoint"",""coordinates"":[]}"
2002_01_01_4_0,12,孟津,"{""type"":""MultiPoint"",""coordinates"":[]}"
2002_01_01_5_0,4,栾川,"{""type"":""MultiPoint"",""coordinates"":[]}"
2002_01_01_6_0,12,郑州,"{""type"":""MultiPoint"",""coordinates"":[]}"
2002_01_01_7_0,12,许昌,"{""type"":""MultiPoint"",""coordinates"":[]}"
2002_01_01_8_0,12,开封,"{""type"":""MultiPoint"",""coordinates"":[]}"
2002_01_01_9_0,8,西峡,"{""type"":""MultiPoint"",""coordinates"":[]}"
2002_01_01_10_0,12,南阳,"{""type"":""MultiPoint"",""coordinates"":[]}"
2002_01_01_11_0,12,宝丰,"{""type"":""MultiPoint"",""coordinates"":[]}"
2002_01_01_12_0,12,西华,"{""type"":""MultiPoint"",""coordinates"":[]}"
2002_01_01_13_0,13,驻马店,"{""type"":""MultiPoint"",""coordinates"":[]}"
2002_01_01_14_0,9,信阳,"{""type"":""MultiPoint"",""coordinates"":[]}"
2002_01_01_15_0,12,商丘,"{""type"":""MultiPoint"",""coordinates"":[]}"
2002_01_01_16_0,12,固始,"{""type"":""MultiPoint"",""coordinates"":[]}"
2003_01_01_0_0,12,安阳,"{""type"":""MultiPoint"",""coordinates"":[]}"
2003_01_01_1_0,12,新乡,"{""type"":""MultiPoint"",""coordinates"":[]}"
2003_01_01_2_0,5,三门峡,"{""type"":""MultiPoint"",""coordinates"":[]}"
2003_01_01_3_0,12,卢氏,"{""type"":""MultiPoint"",""coordinates"":[]}"
2003_01_01_4_0,12,孟津,"{""type"":""MultiPoint"",""coordinates"":[]}"
2003_01_01_5_0,4,栾川,"{""type"":""MultiPoint"",""coordinates"":[]}"
2003_01_01_6_0,12,郑州,"{""type"":""MultiPoint"",""coordinates"":[]}"
2003_01_01_7_0,12,许昌,"{""type"":""MultiPoint"",""coordinates"":[]}"
2003_01_01_8_0,12,开封,"{""type"":""MultiPoint"",""coordinates"":[]}"
2003_01_01_9_0,8,西峡,"{""type"":""MultiPoint"",""coordinates"":[]}"
2003_01_01_10_0,12,南阳,"{""type"":""MultiPoint"",""coordinates"":[]}"
2003_01_01_11_0,12,宝丰,"{""type"":""MultiPoint"",""coordinates"":[]}"
2003_01_01_12_0,12,西华,"{""type"":""MultiPoint"",""coordinates"":[]}"
2003_01_01_13_0,13,驻马店,"{""type"":""MultiPoint"",""coordinates"":[]}"
2003_01_01_14_0,9,信阳,"{""type"":""MultiPoint"",""coordinates"":[]}"
2003_01_01_15_0,12,商丘,"{""type"":""MultiPoint"",""coordinates"":[]}"
2003_01_01_16_0,12,固始,"{""type"":""MultiPoint"",""coordinates"":[]}"
2004_01_01_0_0,12,安阳,"{""type"":""MultiPoint"",""coordinates"":[]}"
2004_01_01_1_0,12,新乡,"{""type"":""MultiPoint"",""coordinates"":[]}"
2004_01_01_2_0,5,三门峡,"{""type"":""MultiPoint"",""coordinates"":[]}"
2004_01_01_3_0,12,卢氏,"{""type"":""MultiPoint"",""coordinates"":[]}"
2004_01_01_4_0,12,孟津,"{""type"":""MultiPoint"",""coordinates"":[]}"
2004_01_01_5_0,4,栾川,"{""type"":""MultiPoint"",""coordinates"":[]}"
2004_01_01_6_0,12,郑州,"{""type"":""MultiPoint"",""coordinates"":[]}"
2004_01_01_7_0,12,许昌,"{""type"":""MultiPoint"",""coordinates"":[]}"
2004_01_01_8_0,12,开封,"{""type"":""MultiPoint"",""coordinates"":[]}"
2004_01_01_9_0,8,西峡,"{""type"":""MultiPoint"",""coordinates"":[]}"
2004_01_01_10_0,12,南阳,"{""type"":""MultiPoint"",""coordinates"":[]}"
2004_01_01_11_0,12,宝丰,"{""type"":""MultiPoint"",""coordinates"":[]}"
2004_01_01_12_0,12,西华,"{""type"":""MultiPoint"",""coordinates"":[]}"
2004_01_01_13_0,13,驻马店,"{""type"":""MultiPoint"",""coordinates"":[]}"
2004_01_01_14_0,9,信阳,"{""type"":""MultiPoint"",""coordinates"":[]}"
2004_01_01_15_0,12,商丘,"{""type"":""MultiPoint"",""coordinates"":[]}"
2004_01_01_16_0,12,固始,"{""type"":""MultiPoint"",""coordinates"":[]}"
2005_01_01_0_0,12,安阳,"{""type"":""MultiPoint"",""coordinates"":[]}"
2005_01_01_1_0,12,新乡,"{""type"":""MultiPoint"",""coordinates"":[]}"
2005_01_01_2_0,5,三门峡,"{""type"":""MultiPoint"",""coordinates"":[]}"
2005_01_01_3_0,12,卢氏,"{""type"":""MultiPoint"",""coordinates"":[]}"
2005_01_01_4_0,12,孟津,"{""type"":""MultiPoint"",""coordinates"":[]}"
2005_01_01_5_0,4,栾川,"{""type"":""MultiPoint"",""coordinates"":[]}"
2005_01_01_6_0,12,郑州,"{""type"":""MultiPoint"",""coordinates"":[]}"
2005_01_01_7_0,12,许昌,"{""type"":""MultiPoint"",""coordinates"":[]}"
2005_01_01_8_0,12,开封,"{""type"":""MultiPoint"",""coordinates"":[]}"
2005_01_01_9_0,8,西峡,"{""type"":""MultiPoint"",""coordinates"":[]}"
2005_01_01_10_0,12,南阳,"{""type"":""MultiPoint"",""coordinates"":[]}"
2005_01_01_11_0,12,宝丰,"{""type"":""MultiPoint"",""coordinates"":[]}"
2005_01_01_12_0,12,西华,"{""type"":""MultiPoint"",""coordinates"":[]}"
2005_01_01_13_0,13,驻马店,"{""type"":""MultiPoint"",""coordinates"":[]}"
2005_01_01_14_0,9,信阳,"{""type"":""MultiPoint"",""coordinates"":[]}"
2005_01_01_15_0,12,商丘,"{""type"":""MultiPoint"",""coordinates"":[]}"
2005_01_01_16_0,12,固始,"{""type"":""MultiPoint"",""coordinates"":[]}"
2006_01_01_0_0,12,安阳,"{""type"":""MultiPoint"",""coordinates"":[]}"
2006_01_01_1_0,12,新乡,"{""type"":""MultiPoint"",""coordinates"":[]}"
2006_01_01_2_0,5,三门峡,"{""type"":""MultiPoint"",""coordinates"":[]}"
2006_01_01_3_0,12,卢氏,"{""type"":""MultiPoint"",""coordinates"":[]}"
2006_01_01_4_0,12,孟津,"{""type"":""MultiPoint"",""coordinates"":[]}"
2006_01_01_5_0,4,栾川,"{""type"":""MultiPoint"",""coordinates"":[]}"
2006_01_01_6_0,12,郑州,"{""type"":""MultiPoint"",""coordinates"":[]}"
2006_01_01_7_0,12,许昌,"{""type"":""MultiPoint"",""coordinates"":[]}"
2006_01_01_8_0,12,开封,"{""type"":""MultiPoint"",""coordinates"":[]}"
2006_01_01_9_0,8,西峡,"{""type"":""MultiPoint"",""coordinates"":[]}"
2006_01_01_10_0,12,南阳,"{""type"":""MultiPoint"",""coordinates"":[]}"
2006_01_01_11_0,14,宝丰,"{""type"":""MultiPoint"",""coordinates"":[]}"
2006_01_01_12_0,12,西华,"{""type"":""MultiPoint"",""coordinates"":[]}"
2006_01_01_13_0,13,驻马店,"{""type"":""MultiPoint"",""coordinates"":[]}"
2006_01_01_14_0,9,信阳,"{""type"":""MultiPoint"",""coordinates"":[]}"
2006_01_01_15_0,12,商丘,"{""type"":""MultiPoint"",""coordinates"":[]}"
2006_01_01_16_0,12,固始,"{""type"":""MultiPoint"",""coordinates"":[]}"
2007_01_01_0_0,12,安阳,"{""type"":""MultiPoint"",""coordinates"":[]}"
2007_01_01_1_0,12,新乡,"{""type"":""MultiPoint"",""coordinates"":[]}"
2007_01_01_2_0,5,三门峡,"{""type"":""MultiPoint"",""coordinates"":[]}"
2007_01_01_3_0,12,卢氏,"{""type"":""MultiPoint"",""coordinates"":[]}"
2007_01_01_4_0,12,孟津,"{""type"":""MultiPoint"",""coordinates"":[]}"
2007_01_01_5_0,4,栾川,"{""type"":""MultiPoint"",""coordinates"":[]}"
2007_01_01_6_0,12,郑州,"{""type"":""MultiPoint"",""coordinates"":[]}"
2007_01_01_7_0,12,许昌,"{""type"":""MultiPoint"",""coordinates"":[]}"
2007_01_01_8_0,12,开封,"{""type"":""MultiPoint"",""coordinates"":[]}"
2007_01_01_9_0,8,西峡,"{""type"":""MultiPoint"",""coordinates"":[]}"
2007_01_01_10_0,12,南阳,"{""type"":""MultiPoint"",""coordinates"":[]}"
2007_01_01_11_0,14,宝丰,"{""type"":""MultiPoint"",""coordinates"":[]}"
2007_01_01_12_0,12,西华,"{""type"":""MultiPoint"",""coordinates"":[]}"
2007_01_01_13_0,13,驻马店,"{""type"":""MultiPoint"",""coordinates"":[]}"
2007_01_01_14_0,8,信阳,"{""type"":""MultiPoint"",""coordinates"":[]}"
2007_01_01_15_0,12,商丘,"{""type"":""MultiPoint"",""coordinates"":[]}"
2007_01_01_16_0,12,固始,"{""type"":""MultiPoint"",""coordinates"":[]}"
2008_01_01_0_0,12,安阳,"{""type"":""MultiPoint"",""coordinates"":[]}"
2008_01_01_1_0,12,新乡,"{""type"":""MultiPoint"",""coordinates"":[]}"
2008_01_01_2_0,5,三门峡,"{""type"":""MultiPoint"",""coordinates"":[]}"
2008_01_01_3_0,12,卢氏,"{""type"":""MultiPoint"",""coordinates"":[]}"
2008_01_01_4_0,12,孟津,"{""type"":""MultiPoint"",""coordinates"":[]}"
2008_01_01_5_0,4,栾川,"{""type"":""MultiPoint"",""coordinates"":[]}"
2008_01_01_6_0,12,郑州,"{""type"":""MultiPoint"",""coordinates"":[]}"
2008_01_01_7_0,12,许昌,"{""type"":""MultiPoint"",""coordinates"":[]}"
2008_01_01_8_0,12,开封,"{""type"":""MultiPoint"",""coordinates"":[]}"
2008_01_01_9_0,8,西峡,"{""type"":""MultiPoint"",""coordinates"":[]}"
2008_01_01_10_0,12,南阳,"{""type"":""MultiPoint"",""coordinates"":[]}"
2008_01_01_11_0,14,宝丰,"{""type"":""MultiPoint"",""coordinates"":[]}"
2008_01_01_12_0,12,西华,"{""type"":""MultiPoint"",""coordinates"":[]}"
2008_01_01_13_0,13,驻马店,"{""type"":""MultiPoint"",""coordinates"":[]}"
2008_01_01_14_0,8,信阳,"{""type"":""MultiPoint"",""coordinates"":[]}"
2008_01_01_15_0,12,商丘,"{""type"":""MultiPoint"",""coordinates"":[]}"
2008_01_01_16_0,12,固始,"{""type"":""MultiPoint"",""coordinates"":[]}"
2009_01_01_0_0,12,安阳,"{""type"":""MultiPoint"",""coordinates"":[]}"
2009_01_01_1_0,12,新乡,"{""type"":""MultiPoint"",""coordinates"":[]}"
2009_01_01_2_0,5,三门峡,"{""type"":""MultiPoint"",""coordinates"":[]}"
2009_01_01_3_0,12,卢氏,"{""type"":""MultiPoint"",""coordinates"":[]}"
2009_01_01_4_0,12,孟津,"{""type"":""MultiPoint"",""coordinates"":[]}"
2009_01_01_5_0,4,栾川,"{""type"":""MultiPoint"",""coordinates"":[]}"
2009_01_01_6_0,12,郑州,"{""type"":""MultiPoint"",""coordinates"":[]}"
2009_01_01_7_0,12,许昌,"{""type"":""MultiPoint"",""coordinates"":[]}"
2009_01_01_8_0,12,开封,"{""type"":""MultiPoint"",""coordinates"":[]}"
2009_01_01_9_0,8,西峡,"{""type"":""MultiPoint"",""coordinates"":[]}"
2009_01_01_10_0,12,南阳,"{""type"":""MultiPoint"",""coordinates"":[]}"
2009_01_01_11_0,14,宝丰,"{""type"":""MultiPoint"",""coordinates"":[]}"
2009_01_01_12_0,12,西华,"{""type"":""MultiPoint"",""coordinates"":[]}"
2009_01_01_13_0,13,驻马店,"{""type"":""MultiPoint"",""coordinates"":[]}"
2009_01_01_14_0,8,信阳,"{""type"":""MultiPoint"",""coordinates"":[]}"
2009_01_01_15_0,12,商丘,"{""type"":""MultiPoint"",""coordinates"":[]}"
2009_01_01_16_0,12,固始,"{""type"":""MultiPoint"",""coordinates"":[]}"
2010_01_01_0_0,12,安阳,"{""type"":""MultiPoint"",""coordinates"":[]}"
2010_01_01_1_0,12,新乡,"{""type"":""MultiPoint"",""coordinates"":[]}"
2010_01_01_2_0,5,三门峡,"{""type"":""MultiPoint"",""coordinates"":[]}"
2010_01_01_3_0,12,卢氏,"{""type"":""MultiPoint"",""coordinates"":[]}"
2010_01_01_4_0,12,孟津,"{""type"":""MultiPoint"",""coordinates"":[]}"
2010_01_01_5_0,4,栾川,"{""type"":""MultiPoint"",""coordinates"":[]}"
2010_01_01_6_0,12,郑州,"{""type"":""MultiPoint"",""coordinates"":[]}"
2010_01_01_7_0,12,许昌,"{""type"":""MultiPoint"",""coordinates"":[]}"
2010_01_01_8_0,12,开封,"{""type"":""MultiPoint"",""coordinates"":[]}"
2010_01_01_9_0,8,西峡,"{""type"":""MultiPoint"",""coordinates"":[]}"
2010_01_01_10_0,12,南阳,"{""type"":""MultiPoint"",""coordinates"":[]}"
2010_01_01_11_0,14,宝丰,"{""type"":""MultiPoint"",""coordinates"":[]}"
2010_01_01_12_0,12,西华,"{""type"":""MultiPoint"",""coordinates"":[]}"
2010_01_01_13_0,13,驻马店,"{""type"":""MultiPoint"",""coordinates"":[]}"
2010_01_01_14_0,8,信阳,"{""type"":""MultiPoint"",""coordinates"":[]}"
2010_01_01_15_0,12,商丘,"{""type"":""MultiPoint"",""coordinates"":[]}"
2010_01_01_16_0,12,固始,"{""type"":""MultiPoint"",""coordinates"":[]}"
2011_01_01_0_0,12,安阳,"{""type"":""MultiPoint"",""coordinates"":[]}"
2011_01_01_1_0,12,新乡,"{""type"":""MultiPoint"",""coordinates"":[]}"
2011_01_01_2_0,5,三门峡,"{""type"":""MultiPoint"",""coordinates"":[]}"
2011_01_01_3_0,12,卢氏,"{""type"":""MultiPoint"",""coordinates"":[]}"
2011_01_01_4_0,12,孟津,"{""type"":""MultiPoint"",""coordinates"":[]}"
2011_01_01_5_0,4,栾川,"{""type"":""MultiPoint"",""coordinates"":[]}"
2011_01_01_6_0,12,郑州,"{""type"":""MultiPoint"",""coordinates"":[]}"
2011_01_01_7_0,12,许昌,"{""type"":""MultiPoint"",""coordinates"":[]}"
2011_01_01_8_0,12,开封,"{""type"":""MultiPoint"",""coordinates"":[]}"
2011_01_01_9_0,8,西峡,"{""type"":""MultiPoint"",""coordinates"":[]}"
2011_01_01_10_0,12,南阳,"{""type"":""MultiPoint"",""coordinates"":[]}"
2011_01_01_11_0,9,宝丰,"{""type"":""MultiPoint"",""coordinates"":[]}"
2011_01_01_12_0,12,西华,"{""type"":""MultiPoint"",""coordinates"":[]}"
2011_01_01_13_0,13,驻马店,"{""type"":""MultiPoint"",""coordinates"":[]}"
2011_01_01_14_0,8,信阳,"{""type"":""MultiPoint"",""coordinates"":[]}"
2011_01_01_15_0,12,商丘,"{""type"":""MultiPoint"",""coordinates"":[]}"
2011_01_01_16_0,12,固始,"{""type"":""MultiPoint"",""coordinates"":[]}"
2012_01_01_0_0,12,安阳,"{""type"":""MultiPoint"",""coordinates"":[]}"
2012_01_01_1_0,12,新乡,"{""type"":""MultiPoint"",""coordinates"":[]}"
2012_01_01_2_0,5,三门峡,"{""type"":""MultiPoint"",""coordinates"":[]}"
2012_01_01_3_0,12,卢氏,"{""type"":""MultiPoint"",""coordinates"":[]}"
2012_01_01_4_0,12,孟津,"{""type"":""MultiPoint"",""coordinates"":[]}"
2012_01_01_5_0,4,栾川,"{""type"":""MultiPoint"",""coordinates"":[]}"
2012_01_01_6_0,12,郑州,"{""type"":""MultiPoint"",""coordinates"":[]}"
2012_01_01_7_0,12,许昌,"{""type"":""MultiPoint"",""coordinates"":[]}"
2012_01_01_8_0,12,开封,"{""type"":""MultiPoint"",""coordinates"":[]}"
2012_01_01_9_0,8,西峡,"{""type"":""MultiPoint"",""coordinates"":[]}"
2012_01_01_10_0,12,南阳,"{""type"":""MultiPoint"",""coordinates"":[]}"
2012_01_01_11_0,9,宝丰,"{""type"":""MultiPoint"",""coordinates"":[]}"
2012_01_01_12_0,12,西华,"{""type"":""MultiPoint"",""coordinates"":[]}"
2012_01_01_13_0,13,驻马店,"{""type"":""MultiPoint"",""coordinates"":[]}"
2012_01_01_14_0,9,信阳,"{""type"":""MultiPoint"",""coordinates"":[]}"
2012_01_01_15_0,12,商丘,"{""type"":""MultiPoint"",""coordinates"":[]}"
2012_01_01_16_0,12,固始,"{""type"":""MultiPoint"",""coordinates"":[]}"
2013_01_01_0_0,12,安阳,"{""type"":""MultiPoint"",""coordinates"":[]}"
2013_01_01_1_0,12,新乡,"{""type"":""MultiPoint"",""coordinates"":[]}"
2013_01_01_2_0,5,三门峡,"{""type"":""MultiPoint"",""coordinates"":[]}"
2013_01_01_3_0,12,卢氏,"{""type"":""MultiPoint"",""coordinates"":[]}"
2013_01_01_4_0,12,孟津,"{""type"":""MultiPoint"",""coordinates"":[]}"
2013_01_01_5_0,4,栾川,"{""type"":""MultiPoint"",""coordinates"":[]}"
2013_01_01_6_0,12,郑州,"{""type"":""MultiPoint"",""coordinates"":[]}"
2013_01_01_7_0,12,许昌,"{""type"":""MultiPoint"",""coordinates"":[]}"
2013_01_01_8_0,12,开封,"{""type"":""MultiPoint"",""coordinates"":[]}"
2013_01_01_9_0,8,西峡,"{""type"":""MultiPoint"",""coordinates"":[]}"
2013_01_01_10_0,12,南阳,"{""type"":""MultiPoint"",""coordinates"":[]}"
2013_01_01_11_0,9,宝丰,"{""type"":""MultiPoint"",""coordinates"":[]}"
2013_01_01_12_0,12,西华,"{""type"":""MultiPoint"",""coordinates"":[]}"
2013_01_01_13_0,13,驻马店,"{""type"":""MultiPoint"",""coordinates"":[]}"
2013_01_01_14_0,9,信阳,"{""type"":""MultiPoint"",""coordinates"":[]}"
2013_01_01_15_0,12,商丘,"{""type"":""MultiPoint"",""coordinates"":[]}"
2013_01_01_16_0,12,固始,"{""type"":""MultiPoint"",""coordinates"":[]}"
2014_01_01_0_0,12,安阳,"{""type"":""MultiPoint"",""coordinates"":[]}"
2014_01_01_1_0,12,新乡,"{""type"":""MultiPoint"",""coordinates"":[]}"
2014_01_01_2_0,5,三门峡,"{""type"":""MultiPoint"",""coordinates"":[]}"
2014_01_01_3_0,12,卢氏,"{""type"":""MultiPoint"",""coordinates"":[]}"
2014_01_01_4_0,12,孟津,"{""type"":""MultiPoint"",""coordinates"":[]}"
2014_01_01_5_0,4,栾川,"{""type"":""MultiPoint"",""coordinates"":[]}"
2014_01_01_6_0,12,郑州,"{""type"":""MultiPoint"",""coordinates"":[]}"
2014_01_01_7_0,12,许昌,"{""type"":""MultiPoint"",""coordinates"":[]}"
2014_01_01_8_0,12,开封,"{""type"":""MultiPoint"",""coordinates"":[]}"
2014_01_01_9_0,8,西峡,"{""type"":""MultiPoint"",""coordinates"":[]}"
2014_01_01_10_0,12,南阳,"{""type"":""MultiPoint"",""coordinates"":[]}"
2014_01_01_11_0,9,宝丰,"{""type"":""MultiPoint"",""coordinates"":[]}"
2014_01_01_12_0,12,西华,"{""type"":""MultiPoint"",""coordinates"":[]}"
2014_01_01_13_0,13,驻马店,"{""type"":""MultiPoint"",""coordinates"":[]}"
2014_01_01_14_0,9,信阳,"{""type"":""MultiPoint"",""coordinates"":[]}"
2014_01_01_15_0,12,商丘,"{""type"":""MultiPoint"",""coordinates"":[]}"
2014_01_01_16_0,12,固始,"{""type"":""MultiPoint"",""coordinates"":[]}"
2015_01_01_0_0,12,安阳,"{""type"":""MultiPoint"",""coordinates"":[]}"
2015_01_01_1_0,12,新乡,"{""type"":""MultiPoint"",""coordinates"":[]}"
2015_01_01_2_0,5,三门峡,"{""type"":""MultiPoint"",""coordinates"":[]}"
2015_01_01_3_0,12,卢氏,"{""type"":""MultiPoint"",""coordinates"":[]}"
2015_01_01_4_0,12,孟津,"{""type"":""MultiPoint"",""coordinates"":[]}"
2015_01_01_5_0,4,栾川,"{""type"":""MultiPoint"",""coordinates"":[]}"
2015_01_01_6_0,12,郑州,"{""type"":""MultiPoint"",""coordinates"":[]}"
2015_01_01_7_0,12,许昌,"{""type"":""MultiPoint"",""coordinates"":[]}"
2015_01_01_8_0,12,开封,"{""type"":""MultiPoint"",""coordinates"":[]}"
2015_01_01_9_0,8,西峡,"{""type"":""MultiPoint"",""coordinates"":[]}"
2015_01_01_10_0,12,南阳,"{""type"":""MultiPoint"",""coordinates"":[]}"
2015_01_01_11_0,9,宝丰,"{""type"":""MultiPoint"",""coordinates"":[]}"
2015_01_01_12_0,12,西华,"{""type"":""MultiPoint"",""coordinates"":[]}"
2015_01_01_13_0,13,驻马店,"{""type"":""MultiPoint"",""coordinates"":[]}"
2015_01_01_14_0,9,信阳,"{""type"":""MultiPoint"",""coordinates"":[]}"
2015_01_01_15_0,12,商丘,"{""type"":""MultiPoint"",""coordinates"":[]}"
2015_01_01_16_0,12,固始,"{""type"":""MultiPoint"",""coordinates"":[]}"
2016_01_01_0_0,12,安阳,"{""type"":""MultiPoint"",""coordinates"":[]}"
2016_01_01_1_0,12,新乡,"{""type"":""MultiPoint"",""coordinates"":[]}"
2016_01_01_2_0,5,三门峡,"{""type"":""MultiPoint"",""coordinates"":[]}"
2016_01_01_3_0,12,卢氏,"{""type"":""MultiPoint"",""coordinates"":[]}"
2016_01_01_4_0,12,孟津,"{""type"":""MultiPoint"",""coordinates"":[]}"
2016_01_01_5_0,4,栾川,"{""type"":""MultiPoint"",""coordinates"":[]}"
2016_01_01_6_0,12,郑州,"{""type"":""MultiPoint"",""coordinates"":[]}"
2016_01_01_7_0,12,许昌,"{""type"":""MultiPoint"",""coordinates"":[]}"
2016_01_01_8_0,12,开封,"{""type"":""MultiPoint"",""coordinates"":[]}"
2016_01_01_9_0,8,西峡,"{""type"":""MultiPoint"",""coordinates"":[]}"
2016_01_01_10_0,12,南阳,"{""type"":""MultiPoint"",""coordinates"":[]}"
2016_01_01_11_0,9,宝丰,"{""type"":""MultiPoint"",""coordinates"":[]}"
2016_01_01_12_0,12,西华,"{""type"":""MultiPoint"",""coordinates"":[]}"
2016_01_01_13_0,13,驻马店,"{""type"":""MultiPoint"",""coordinates"":[]}"
2016_01_01_14_0,9,信阳,"{""type"":""MultiPoint"",""coordinates"":[]}"
2016_01_01_15_0,12,商丘,"{""type"":""MultiPoint"",""coordinates"":[]}"
2016_01_01_16_0,12,固始,"{""type"":""MultiPoint"",""coordinates"":[]}"
2017_01_01_0_0,12,安阳,"{""type"":""MultiPoint"",""coordinates"":[]}"
2017_01_01_1_0,12,新乡,"{""type"":""MultiPoint"",""coordinates"":[]}"
2017_01_01_2_0,5,三门峡,"{""type"":""MultiPoint"",""coordinates"":[]}"
2017_01_01_3_0,12,卢氏,"{""type"":""MultiPoint"",""coordinates"":[]}"
2017_01_01_4_0,12,孟津,"{""type"":""MultiPoint"",""coordinates"":[]}"
2017_01_01_5_0,4,栾川,"{""type"":""MultiPoint"",""coordinates"":[]}"
2017_01_01_6_0,12,郑州,"{""type"":""MultiPoint"",""coordinates"":[]}"
2017_01_01_7_0,12,许昌,"{""type"":""MultiPoint"",""coordinates"":[]}"
2017_01_01_8_0,12,开封,"{""type"":""MultiPoint"",""coordinates"":[]}"
2017_01_01_9_0,8,西峡,"{""type"":""MultiPoint"",""coordinates"":[]}"
2017_01_01_10_0,12,南阳,"{""type"":""MultiPoint"",""coordinates"":[]}"
2017_01_01_11_0,9,宝丰,"{""type"":""MultiPoint"",""coordinates"":[]}"
2017_01_01_12_0,12,西华,"{""type"":""MultiPoint"",""coordinates"":[]}"
2017_01_01_13_0,13,驻马店,"{""type"":""MultiPoint"",""coordinates"":[]}"
2017_01_01_14_0,9,信阳,"{""type"":""MultiPoint"",""coordinates"":[]}"
2017_01_01_15_0,12,商丘,"{""type"":""MultiPoint"",""coordinates"":[]}"
2017_01_01_16_0,12,固始,"{""type"":""MultiPoint"",""coordinates"":[]}"
2018_01_01_0_0,12,安阳,"{""type"":""MultiPoint"",""coordinates"":[]}"
2018_01_01_1_0,12,新乡,"{""type"":""MultiPoint"",""coordinates"":[]}"
2018_01_01_2_0,5,三门峡,"{""type"":""MultiPoint"",""coordinates"":[]}"
2018_01_01_3_0,12,卢氏,"{""type"":""MultiPoint"",""coordinates"":[]}"
2018_01_01_4_0,12,孟津,"{""type"":""MultiPoint"",""coordinates"":[]}"
2018_01_01_5_0,4,栾川,"{""type"":""MultiPoint"",""coordinates"":[]}"
2018_01_01_6_0,12,郑州,"{""type"":""MultiPoint"",""coordinates"":[]}"
2018_01_01_7_0,12,许昌,"{""type"":""MultiPoint"",""coordinates"":[]}"
2018_01_01_8_0,12,开封,"{""type"":""MultiPoint"",""coordinates"":[]}"
2018_01_01_9_0,8,西峡,"{""type"":""MultiPoint"",""coordinates"":[]}"
2018_01_01_10_0,12,南阳,"{""type"":""MultiPoint"",""coordinates"":[]}"
2018_01_01_11_0,9,宝丰,"{""type"":""MultiPoint"",""coordinates"":[]}"
2018_01_01_12_0,12,西华,"{""type"":""MultiPoint"",""coordinates"":[]}"
2018_01_01_13_0,13,驻马店,"{""type"":""MultiPoint"",""coordinates"":[]}"
2018_01_01_14_0,9,信阳,"{""type"":""MultiPoint"",""coordinates"":[]}"
2018_01_01_15_0,12,商丘,"{""type"":""MultiPoint"",""coordinates"":[]}"
2018_01_01_16_0,12,固始,"{""type"":""MultiPoint"",""coordinates"":[]}"
2019_01_01_0_0,12,安阳,"{""type"":""MultiPoint"",""coordinates"":[]}"
2019_01_01_1_0,12,新乡,"{""type"":""MultiPoint"",""coordinates"":[]}"
2019_01_01_2_0,5,三门峡,"{""type"":""MultiPoint"",""coordinates"":[]}"
2019_01_01_3_0,12,卢氏,"{""type"":""MultiPoint"",""coordinates"":[]}"
2019_01_01_4_0,12,孟津,"{""type"":""MultiPoint"",""coordinates"":[]}"
2019_01_01_5_0,4,栾川,"{""type"":""MultiPoint"",""coordinates"":[]}"
2019_01_01_6_0,12,郑州,"{""type"":""MultiPoint"",""coordinates"":[]}"
2019_01_01_7_0,12,许昌,"{""type"":""MultiPoint"",""coordinates"":[]}"
2019_01_01_8_0,12,开封,"{""type"":""MultiPoint"",""coordinates"":[]}"
2019_01_01_9_0,8,西峡,"{""type"":""MultiPoint"",""coordinates"":[]}"
2019_01_01_10_0,12,南阳,"{""type"":""MultiPoint"",""coordinates"":[]}"
2019_01_01_11_0,9,宝丰,"{""type"":""MultiPoint"",""coordinates"":[]}"
2019_01_01_12_0,12,西华,"{""type"":""MultiPoint"",""coordinates"":[]}"
2019_01_01_13_0,13,驻马店,"{""type"":""MultiPoint"",""coordinates"":[]}"
2019_01_01_14_0,9,信阳,"{""type"":""MultiPoint"",""coordinates"":[]}"
2019_01_01_15_0,12,商丘,"{""type"":""MultiPoint"",""coordinates"":[]}"
2019_01_01_16_0,12,固始,"{""type"":""MultiPoint"",""coordinates"":[]}"
2020_01_01_0_0,12,安阳,"{""type"":""MultiPoint"",""coordinates"":[]}"
2020_01_01_1_0,12,新乡,"{""type"":""MultiPoint"",""coordinates"":[]}"
2020_01_01_2_0,5,三门峡,"{""type"":""MultiPoint"",""coordinates"":[]}"
2020_01_01_3_0,12,卢氏,"{""type"":""MultiPoint"",""coordinates"":[]}"
2020_01_01_4_0,12,孟津,"{""type"":""MultiPoint"",""coordinates"":[]}"
2020_01_01_5_0,4,栾川,"{""type"":""MultiPoint"",""coordinates"":[]}"
2020_01_01_6_0,12,郑州,"{""type"":""MultiPoint"",""coordinates"":[]}"
2020_01_01_7_0,12,许昌,"{""type"":""MultiPoint"",""coordinates"":[]}"
2020_01_01_8_0,12,开封,"{""type"":""MultiPoint"",""coordinates"":[]}"
2020_01_01_9_0,8,西峡,"{""type"":""MultiPoint"",""coordinates"":[]}"
2020_01_01_10_0,12,南阳,"{""type"":""MultiPoint"",""coordinates"":[]}"
2020_01_01_11_0,9,宝丰,"{""type"":""MultiPoint"",""coordinates"":[]}"
2020_01_01_12_0,12,西华,"{""type"":""MultiPoint"",""coordinates"":[]}"
2020_01_01_13_0,13,驻马店,"{""type"":""MultiPoint"",""coordinates"":[]}"
2020_01_01_14_0,9,信阳,"{""type"":""MultiPoint"",""coordinates"":[]}"
2020_01_01_15_0,12,商丘,"{""type"":""MultiPoint"",""coordinates"":[]}"
2020_01_01_16_0,12,固始,"{""type"":""MultiPoint"",""coordinates"":[]}"
